timestamp,ch1,ch2,ch3,ch4,ch5,ch6,ch7,ch8,ch9,ch10,ch11,ch12,ch13,ch14,ch15,ch16
1756192118.8849862,-0.1278097229078412,0.15938964354641297,0.3471772186458111,0.2615503574557164,0.356860113056267,0.46375343466506286,0.34419268764117184,0.1134974384570823,0.030682321911787287,0.020220756421194357,-0.801377911504139,-0.2832095247200307,0.15092524913523128,0.030401819056886083,0.030410797061289057,0.9431040735148332
1756192119.008415,0.041096763452515006,0.3170199926723452,0.1530772520996192,0.09871840219506446,0.17901349796310945,0.2525833029272583,0.18410066191983573,0.03072047167841126,0.03011009990073302,0.01998064765597091,-0.8015305039965931,-0.2700641257688403,0.11180321297005695,0.04176323362352217,0.03063070949386148,0.9430277772686061
1756192119.126079,-0.016978164833477315,0.19256730498198202,-0.06625658235348322,-0.0926034802242237,-0.027441974660819945,-0.07430808262570816,-0.1569840719594675,-0.06804281122544233,0.03005848775672562,0.020160168464131215,-0.8015574322027319,-0.2579734100795844,0.09299169349319794,0.06295340184998863,0.030693542431382573,0.9431063175639686
1756192119.250807,0.10735558886902735,-0.03864630936261486,-0.0862619136186207,-0.09143884011599071,-0.10398060060106218,-0.1391733786200776,-0.05466852359035436,0.05809063617797459,0.029246156596962142,0.019967183635077056,-0.8016382163828787,-0.264546109144302,0.10690903006231084,0.06033015607253594,0.02989243118859389,0.9429716770263279
1756192119.385091,-0.018739711383686346,-0.06826048059498563,-0.09344498324207962,-0.04646442986696082,-0.0876397349707344,-0.08930254492032177,-0.06350991727017305,0.013093786642831914,0.028954435742514974,0.019814591471324947,-0.8016068002976039,-0.277763319283943,0.10523500014096498,0.044245107208981234,0.03060153784120784,0.9430569493595291
1756192119.514451,0.0994791210464695,-0.4389414385865059,-0.016881672323078793,-0.03742332149790052,-0.042162666083587444,-0.0787085823386031,-0.03673216645770213,0.05990603708607309,0.02969271443126833,0.019958207767237637,-0.8016629004850984,-0.29417599321288224,0.09206939751611036,0.06814603638999603,0.030058487318456173,0.9430502173216904
1756192119.627661,-0.03605896519387469,-0.08283980034620446,0.02843158208655522,0.05568505982484888,0.009988080039072563,-0.013679473510231166,-0.01722051786697086,0.09081725107834619,0.028698619016829657,0.01979439502910656,-0.8018087611040648,-0.27792264477295037,0.11318327453644837,0.05724240110858398,0.02993057925692376,0.9429380169467014
1756192119.7616189,0.10644227763473549,-0.11786427633727298,0.15053479115971746,0.08390794939580648,0.025245090604157132,0.05695741200436126,0.1538828514954623,0.03254035991780898,0.029609686366337186,0.019727074705502567,-0.801705536651699,-0.28004098804119754,0.04672473899143584,0.07977448628448389,0.029625394217231694,0.9430569493595291
1756192119.8787441,-0.008174921933780699,0.03521521685316282,0.11266266806598972,0.11930941998520318,0.1706096882767537,0.20963074464131803,0.08339631579378072,0.038305214989711255,0.029921603060382253,0.01986395934706225,-0.8016494365189882,-0.2604822102276718,0.08858895586693988,0.0643761025960831,0.030188640031744454,0.9430726573747747
1756192120.007214,0.13108597378082135,0.16642910302342737,0.05469545133083182,0.10907898806309436,0.11853972421137288,0.10347569876295679,0.10410850916934364,0.0011287362259977003,0.02998443561441758,0.01991781537585399,-0.8015013319056701,-0.27967969985569224,0.056598373195704293,0.07763370142920929,0.03029859674108379,0.9430255332194707
1756192120.1259189,-0.04052005327471039,0.16368692287463038,0.010611913920215824,0.08954265257617568,0.07705474840751027,0.052184407133609056,-0.018239298397127318,-0.02650398015975952,0.03001809580361142,0.020207292455084184,-0.8015349919852965,-0.259068483925041,0.05075497552752495,0.07273054522845675,0.030172932126066265,0.9431018295752651
1756192120.253483,0.11944854849785128,0.18796484544873238,0.04245663206914768,0.05534845872727387,0.04771209894405568,0.05565813194741221,0.09326995027196758,0.011110085336601032,0.028934239848133397,0.019890887169715238,-0.8017234887160799,-0.2666352809790303,0.13079425559707863,0.0472969572771998,0.030022583956665853,0.9430120691437932
1756192120.377258,-0.021134068203323027,-0.006464990841991761,0.0909586225033683,0.0181630007813082,0.030902234440231147,0.0628681291880853,-0.05906229236108415,-0.04165776665596401,0.029257376897422707,0.019964939805076402,-0.801588848233223,-0.280330463696052,0.09430667911382283,0.049549942562247026,0.03017742033390438,0.9430502173216904
1756192120.503094,0.09026746639488813,0.1327487806625226,0.0314587486688705,-0.07357204826000859,-0.05504327409845941,-0.06450625598047148,0.017081388724310434,0.06335507892072201,0.029614174355040577,0.020095092134878915,-0.801454207750366,-0.23458860179080682,0.050395932541612315,0.05741518916671767,0.030226788483560085,0.943047973272555
1756192120.628665,-0.06858586146057967,0.17058051418622627,0.07981936595238306,-0.01823705423842458,-0.0017323744045022655,0.02685853200690711,-0.005426013116341303,0.03357484717579449,0.02916537247159902,0.020079384064849687,-0.8015888482880067,-0.2750368466710343,0.13925865325419343,0.04043702441541588,0.030457921052242026,0.9430726573747747
1756192120.752334,0.08522966977975824,-0.008565380032557775,0.0392925810370156,0.054432903361671114,0.04538506316021085,0.07806904090787559,0.08560217630720753,0.05309547352440217,0.02917659277205958,0.01994923151591245,-0.8014833798412891,-0.26604062050361843,0.09083071329137858,0.0648585649426369,0.030406309127369347,0.9430973414769944
1756192120.882284,0.01339672801687437,-0.023523936048150063,-0.04266756897627869,-0.05699555899071343,-0.027457682689761415,-0.08812668392270365,-0.1416171032058842,-0.027058247367248815,0.029775742824901554,0.020059188115684426,-0.8015866042388713,-0.27486630189506445,0.09208062806111925,0.0637073882663732,0.03037713676252786,0.9430502173764741
1756192121.002131,0.14161486074547558,-0.18849443359410062,-0.1709799504674533,-0.5791941907475976,-0.04584956990883631,-0.27745588459348414,0.07852906059912022,0.08660524469964645,0.02853256244869793,0.01983703119570718,-0.8017167566782412,-0.2690790053867899,0.07106324416749618,0.06861952221130624,0.0301302957951146,0.9429963611285476
1756192121.1315541,-0.23755293646279504,-0.16528241248691783,0.38702182647059946,0.9911491787608933,0.2290818059049985,0.6241551313330146,0.20652054677553036,0.1123597277328372,0.02912273641456576,0.019841518965275848,-0.801638216328095,-0.2627351923078737,0.03976831278380226,0.09309267312945689,0.029587246203685507,0.9430614373482326
1756192121.2529979,0.013030956389711183,0.13102987277157166,0.23943565920104876,0.5547861099681434,0.27436588581322746,0.2877289560787818,0.12959819674656234,-0.0013284545172663296,0.028642519048469907,0.019713610794176075,-0.801656168556827,-0.24371722811723456,0.06620721442296225,0.06704422820578604,0.029941799228682238,0.9429649450432729
1756192121.3753972,-0.004265860229840174,0.05233700157088392,-0.111798725419623,-0.4959325100404813,-0.09412491720114999,-0.317381278885638,-0.22119860614047332,-0.08638309073798797,0.028869163464097417,0.01955877408823546,-0.8017952969188199,-0.27954057176761765,0.12073885408394477,0.06581226867787979,0.029607442098067087,0.943047973272555
1756192121.504164,0.2218493683373227,0.33180575982174454,-0.24404260605190167,-0.5244448776630795,-0.28957353226895277,-0.2582853259107865,-0.07828222200110116,0.07315915077924728,0.027928924023666802,0.019661998431033948,-0.8017212447765119,-0.24570317281519666,0.05236393092747997,0.08391019417082562,0.029948531321304685,0.943047973272555
1756192121.633857,0.07349799595334951,-0.27180322960895653,-0.0507168246926192,-0.1940865014844081,0.034824761863359636,0.016751518404549536,-0.12744843795457306,-0.08220250312896336,0.029869991080725893,0.019814591142622864,-0.8013913754154655,-0.2574034326655023,0.06799568652230151,0.09443683434716042,0.03020210432655671,0.943050217212123
1756192121.751602,0.10755755044245983,0.15126633863238728,0.22465437535634813,0.23050899332498803,0.3021556835703771,0.12658898252993822,0.26635477857609446,0.10094670206308365,0.02918108076076297,0.02007040786830818,-0.8016449484207174,-0.25409800690763135,0.07447638274992213,0.06852527384591453,0.030653149656513157,0.9431175375905108
1756192121.8817458,0.07223910772625138,0.1158805750310421,-0.1519305630285731,-0.3742982993066749,-0.23669348049032338,-0.22982232951942613,-0.30834690328030023,-0.029012779102605933,0.029216984999092185,0.020032260019113037,-0.8016382163828787,-0.25656865811085,0.08620132001883843,0.06840409798657193,0.030116831829004428,0.943018801181632
1756192122.0049868,0.06874069812543251,0.38297587523565574,0.2725459986284156,0.44217505284092007,0.3312043701024616,0.3704161636860055,0.46220731559921713,0.4157630811061929,0.02841811824370833,0.01994249953285736,-0.8015372360344318,-0.26214277623769117,0.06347849751439165,0.09731813887243762,0.030365916955120423,0.943045729332987
1756192122.130521,-0.16740300068083933,-0.04503948701655164,0.29527779975358176,0.6272451299078324,0.2554287036113879,0.4063202918452375,0.2878389132811743,0.1335656045771697,0.028676178799394297,0.019973915508564782,-0.8014878677752089,-0.24929358591051662,0.04813397051218678,0.0714492138256045,0.030186396092176437,0.9430569493595291
1756192122.252029,-0.006171022158335237,-0.4393004833118004,0.05373277305625379,-0.06908403246608727,-0.10889497814316522,-0.13699669092345765,-0.0341582909664687,-0.16489644502015674,0.029935066916925067,0.019733806852908695,-0.801710024695186,-0.2632400971453856,0.11818516835132066,0.0582746446461362,0.029912627302110195,0.9430277772686061
1756192122.375811,-0.06062860954005052,-0.012198429335566127,-0.07273054473540362,-0.17181472025592537,-0.14406756014453576,-0.1386460377012982,-0.12653512584374232,0.09694787943461801,0.028613346574061057,0.019796639023458257,-0.8016808523851282,-0.24831744239610784,0.018178715206244412,0.07880956301575198,0.029854283175047708,0.9429514809128117
1756192122.5020428,0.14997378955869115,-0.16648968648822868,-0.11573022645076408,-0.3767689527697204,-0.22467681683380814,-0.1910638209870633,-0.023030253825709224,-0.13955486193299294,0.029147420407218093,0.019563262131722534,-0.8018379330854205,-0.2340298452798058,0.06989636096884222,0.06686695100849166,0.029625394381582737,0.9430412413442836
1756192122.626007,0.01769849132089054,0.18178036107736475,0.06815501160043128,0.21123072287232122,0.08832415779504706,0.07165342154364814,-0.07188904344323366,-0.01795879641876501,0.0293336731436498,0.01970463459763457,-0.8017167567330248,-0.25577652503681536,0.0631867806043695,0.07619978284791988,0.029719642527839717,0.9429806530037347
1756192122.764618,0.1271499840761809,0.38050298085984063,0.05217318773707923,0.035170338171369886,0.1271903760292951,0.15485001903246431,0.03478885640609352,-0.04379630461335182,0.02885345561320291,0.01989313110928325,-0.8017593928448418,-0.2803439252516803,0.12177334221846917,0.03669626276720973,0.03001809580361142,0.9430255332194707
1756192122.874966,-0.06607705981963698,0.034741732784930396,0.13773497032439885,0.35478664605933075,0.11772963885382257,0.0906377291882082,-0.043874848195735144,-0.009979103198822807,0.029208008747766998,0.020000843769487214,-0.8017481728182996,-0.2669247565517092,0.11969539413557333,0.040962121887680364,0.029982191455714843,0.9430277772138224
1756192123.003917,0.05137880794320475,-0.05865164364085478,0.07865248171283919,0.027554175076896652,0.05722893689594725,0.04382772128755117,0.049751901547150576,-0.022659995319212183,0.028799599200925407,0.019632826340110862,-0.801658412496395,-0.25820902921259403,0.08883803222766694,0.07663960645304006,0.030011363710988972,0.9430591932990972
1756192123.126251,-0.0394137579783359,0.3062442671507597,0.03291286643156234,0.032044434646034944,0.09352127922808423,0.05167726135593565,0.051051185041775596,0.1565285359016236,0.028954435906866017,0.01978990698561949,-0.8016068002428202,-0.2545512984232867,0.0964384909500094,0.031122146722148445,0.03013254011816838,0.9429649449884892
1756192123.258581,0.11458129431668888,0.021024111384416327,0.007845051983809647,-0.1279466068098212,0.04861867833225166,0.04173630584195694,0.14203673332710476,0.05048793400911724,0.029423433520338115,0.019747270819018867,-0.8017212446669445,-0.26768996495315256,0.08659851474358755,0.08960773045306697,0.02995750740827883,0.9430838774013168
1756192123.375849,0.015117882257875274,0.01005091079894234,0.0972238922601237,0.06355255228631637,0.09685587521423311,0.07544803854954593,0.0468481552294072,0.13349379336132722,0.02852358647129115,0.01991557132671861,-0.8016269963563365,-0.26807817898909836,0.12119214472306125,0.04574859213522252,0.029939555343897903,0.9430614373482326
1756192123.500896,0.18309310407322996,-0.021582871155046365,-0.02681813868420089,0.01084529164740268,-0.08634494283400915,-0.13499279325718389,-0.062237564309993214,-0.024850148378926164,0.02868739893550382,0.01973605073769303,-0.8018536411554498,-0.27971560584709926,0.08142383308971629,0.07127866713220582,0.029926091213436687,0.9429896290907088
1756192123.626115,-0.06813706020715043,-0.031772914068663824,0.12834603992729066,0.2456493161563926,0.19517708761507974,0.23285173960303998,0.1834790750461466,0.18947506213889403,0.029279817114858067,0.01967770666541422,-0.8016606565455303,-0.28013074540478344,0.12235903027741347,0.0447657145011951,0.030074195991105893,0.9429290408597273
1756192123.753304,-0.012404876706354758,0.2601029750178842,0.19568647685296395,0.15479391870801062,0.21629544807707562,0.2267839413629297,0.2367114333764595,0.010095791562515147,0.029024000224821708,0.019861715243143195,-0.8015910922823584,-0.2948581677697161,0.14284906380207224,0.026394022026044482,0.029970971593523726,0.9429784090641666
1756192123.879682,-0.05126211990821449,-0.1867710356189705,-0.11756133742849617,-0.132082314340069,-0.1220426217871992,-0.07938402943203554,-0.25880369259154096,-0.06992104693370707,0.03059031770509832,0.019756246796425653,-0.801683096543831,-0.2607986168826328,0.056708327713696396,0.06735614435199429,0.02993731134954621,0.943063681397368
1756192124.004203,0.11909623904263272,-0.01854897148030646,-0.05892989581779522,0.052119330612613875,-0.07734198084868052,-0.13199030903770642,-0.08643919010372723,-0.036388835047974306,0.029555830118410727,0.019872935379252714,-0.8016741205116406,-0.2530814725905657,0.09991221743471482,0.04825066276552046,0.030211080468314534,0.9430120691437932
1756192124.126611,0.039456393350573146,-0.029825109440614197,-0.025608620113309694,-0.046531750382307696,-0.11316981358344064,-0.10664199507685707,-0.11746260190985221,0.013075835619340925,0.029308988931862748,0.01988864323014722,-0.8016561683924759,-0.28212342353756814,0.12169255403911367,0.039622451343080574,0.029975459582227117,0.9431175374809433
1756192124.250104,0.1238468040657394,-0.03153279894853339,-0.02976901119794039,-0.15803426643833518,-0.02992160364930682,0.0005093896487618194,0.04164430208723335,-0.03861040337120786,0.029275329180938357,0.01989537537755335,-0.8014968438073993,-0.2623941058238201,0.09392071186619647,0.06223307341775473,0.030453433447024402,0.9430883654995876
1756192124.37606,0.038390490308623106,-0.0437536698711269,0.032643584781052434,-0.11156983695486013,0.029068880002288258,-0.0015349022030611249,-0.00726834186078871,0.017359646475490403,0.029032975983093765,0.02021851253641002,-0.8016269963563365,-0.25743260475642543,0.09864659519756541,0.025000494466546702,0.03008765962851398,0.9429986051228993
1756192124.5028632,0.04758867888492258,-0.051197044441805166,0.07927182908443843,-0.13791449187213883,-0.007387275013196117,0.09893831542200025,0.06528268184731989,-0.010701673762763248,0.028669446871122894,0.01975624668685829,-0.8017324646934867,-0.30296577294083205,0.18346336418214967,0.025388707954655674,0.030267180601025328,0.9429739210206796
1756192124.626909,-0.04312085887581548,0.18958501769777605,0.0822249425246435,0.28704229049275026,0.18150659042465336,0.1521302817718071,0.07468283198335592,0.1227158207227202,0.028243085314684054,0.019729318809421623,-0.8016965606195086,-0.2877962744575651,0.12176212398609255,0.0371899448116036,0.029885699205538806,0.9430030931663864
1756192124.762941,0.08724703258999131,-0.07939749353510492,0.06472168067086707,0.19583233926609597,0.05561100740862243,0.046060509267537034,0.07580708064522375,-0.030630712013910797,0.028961167835137424,0.019668730523656395,-0.8015910922275746,-0.2751782220952651,0.10851798507878009,0.019583458190455157,0.029861015158102792,0.9430614373482326
1756192124.884314,-0.03511423784691621,-0.16962232878979513,0.09848053790354992,0.2036325106917716,0.11878656535683309,0.13332549320972142,0.1154340181280585,0.13480429636204944,0.02831264935872134,0.01971136685460806,-0.8017436847748125,-0.29574231080272617,0.151573768871672,0.04923577858682941,0.02998892338398625,0.9430188012364156
1756192125.0017111,-0.00720775404068477,0.1224016612943481,0.20142216213485775,0.21798518500016892,0.20962849955129273,0.26511608776362505,0.24140814275426023,0.003150587024934152,0.02780325973735136,0.019769710872103188,-0.8015192839700509,-0.3054498883840792,0.20327122882008553,-0.007353614632259397,0.02979593871928313,0.9431108055526719
1756192125.12729,0.014287599293953356,0.12044713273644447,0.006646752206827788,-0.03306097071617842,-0.012303895933334441,-0.061330984483527785,-0.08528128222507589,-0.00868655543993501,0.029095808482345414,0.01964629052535576,-0.8017661248826805,-0.2874080621473053,0.1311151482822264,0.08140588168273954,0.029903651050785008,0.9430726573747747
1756192125.2630248,0.08696428812382852,-0.10169171347447178,-0.07834280884879477,-0.21627300927032003,-0.15075245995403214,-0.13726372842896073,-0.06564172434017938,-0.0967436770305914,0.02925064491436762,0.01975175875293858,-0.801543968181838,-0.2774065215797985,0.11932288417044808,0.03431761434630436,0.03013254011816838,0.943063681397368
1756192125.375572,0.0720865134807194,0.25980676754432563,-0.02715698500876041,0.15726008266210556,-0.014480583931264631,-0.04939061781281934,0.014790257589672418,0.1117740399478113,0.029418945641202086,0.01987742320360506,-0.801575384047978,-0.26590597803485305,0.11865417036118314,0.03140938084791688,0.030547681702848745,0.9430277772686061
1756192125.508419,0.1180752154220553,0.07990688463563428,0.04045497697284993,0.044523363248171174,0.007025988799903323,-0.0008998469531755237,0.023308511302970788,0.013713133028324912,0.02923044901998604,0.019989623742945054,-0.8014138154685497,-0.291231852298712,0.16606781664578354,0.011294091777766453,0.03035245293422657,0.9430614373482326
1756192125.625634,-0.002194640144486638,0.20746976283707602,-0.0011175156927064939,0.015564438832156798,-0.01173616256838774,-0.0368219280259355,-0.028456267188577092,0.07812065105227863,0.028992583920412204,0.020106312051853713,-0.8015686521197066,-0.3092893855098416,0.17467582839376786,0.02649724658797769,0.03044445746961762,0.9430995855261298
1756192125.761533,0.09810578820350416,0.2800881117171444,0.06888880336876302,0.0357784641742268,0.056465975543045825,0.0625898731762872,0.13680819312439246,-0.0017458376858164283,0.029614174409824258,0.020274612669120815,-0.8015237720683217,-0.3226367447470479,0.21880200833958738,0.015236814780270351,0.030891014920438036,0.9430277771590387
1756192125.8751318,-0.0029015024603508853,-0.2896520747419666,0.06040869679247193,-0.2633006850750569,0.03403038246666684,0.10848881287828964,0.014610736959559075,-0.0017682781771701924,0.029409969663795305,0.019978403716402894,-0.8015955802162781,-0.3343796379425946,0.22919176223085208,0.03499754879842786,0.030083171913728994,0.942958213005434
1756192126.008388,0.06570231185897309,-0.13923172334976056,0.10616626322050304,0.2971919382073204,0.17385452251662226,0.13697425122646725,0.1417719416101189,6.507764406063977e-05,0.028958923786002046,0.019789906766484764,-0.8017414407804608,-0.29203520906979547,0.136271877652582,0.025011714986141992,0.02993506719084347,0.9430345092516612
1756192126.1254988,-0.005908472860670265,-0.06139830401276841,0.10279576469431906,0.19457344842307708,0.1300133389338632,0.1108517543248394,0.0763501301407814,0.03588617554701427,0.029558074167546106,0.019850495216601035,-0.8015394800835672,-0.27708787076613484,0.1487508050220854,0.030197618036147428,0.030377136652960497,0.9430591932990972
1756192126.2522082,0.04940632506109336,0.07729710260515704,0.025675940450609606,-0.3208841762012419,0.035825588521273696,-0.0370126685456318,0.10794127628426342,0.03507833182811737,0.029735350433517906,0.020018795943435502,-0.8016494364094209,-0.3130032186232069,0.23472997275016763,-0.005818713785094374,0.030220056281370276,0.9430053371059544
1756192126.389398,-0.020209536449435878,-0.044617616407134957,0.10258258397088331,0.3075682308305712,0.10464707107337959,0.01754589836277506,-0.005713245406856432,0.0484346677275265,0.028449533835929984,0.01975624690599301,-0.8018738373237497,-0.2848947731887593,0.1345843917087597,0.03703959516304381,0.029892431243377572,0.942996361073764
1756192126.5106392,0.13178834832711694,-0.09051655358908807,-0.18119691950542963,-0.2742626619634821,-0.2558842383544235,-0.3075345699839732,-0.2225943786530372,-0.1524332233649843,0.03092691904919989,0.019668730359305355,-0.8018042729510104,-0.29014126709936294,0.16789892973268733,0.016666247838122004,0.029896919177297282,0.9431175375905108
1756192126.625108,-0.08581760006628054,-0.03992987840491183,0.281297627288629,0.2473278341760092,0.34093438633991513,0.45177043558043595,0.2951296887853566,0.15269577130675316,0.028768183225217986,0.019612630500512963,-0.8018603733028559,-0.31549182242494733,0.15230082117897623,0.016681955360314426,0.029694958589971066,0.9430524613708258
1756192126.7566662,0.030828182736192557,0.15684494113220887,0.13957281223060014,0.09391622501425445,0.14884505509946713,0.2437239564845667,0.17262480557238793,-0.07899357257958721,0.0293246972210267,0.019666486638872063,-0.8016157763297943,-0.27700484215336685,0.1540982824038057,-0.0222156791783431,0.02987896733205108,0.9430614373482326
1756192126.883759,0.026959512533400867,0.08400892669006306,-0.12820691248292432,-0.10444959881715477,-0.13379897845580296,-0.18739935640683947,-0.27712826211662855,0.009622305412502849,0.028826527297496796,0.01969341468065977,-0.8016741205664242,-0.29579840908648775,0.1849488997284104,0.01422700981664307,0.029645590330747998,0.943063681397368
1756192127.003764,0.06562152861014885,0.02678447819369681,-0.09105960297507837,-0.10959510937990512,-0.12397022361812346,-0.15985191246385083,-0.08037587989340811,0.031452017891056394,0.028236353386412647,0.01980112701216165,-0.8016247523072011,-0.3016395621987827,0.1780844757004696,0.01329574449097409,0.029901407330351716,0.9430322652573094
1756192127.1297731,0.08086956226650406,0.1732374206870137,-0.007167361758868484,-0.05938318532015033,-0.03834112188504899,-0.06528268234037302,0.03402140742058263,0.11290726514861864,0.02808600434047334,0.0197966391878093,-0.8015731401631937,-0.2970707617042696,0.1704750456573332,0.02514635262024753,0.029513193897026425,0.9430771453634781
1756192127.251132,0.07183294154374915,-0.0033278619760976117,0.042831381632234246,0.03733580575927215,0.024470907814033768,-0.004963745321968899,0.09907295483657542,-0.02188805293510942,0.028741254909511876,0.019859471139224136,-0.8017549046917873,-0.2884492816622643,0.20993592655834029,0.0020240956150433596,0.030404065187801334,0.9430143131381449
1756192127.3772218,0.02250515713411219,0.013524637502782485,0.003040631630403154,-0.0027578860137830764,0.05521830654812648,0.024248751661028054,-0.08682740381097093,0.023398269625271067,0.028599882498383522,0.01958121425088714,-0.8018626171328566,-0.31568929739296436,0.18340950634549646,0.00669836499454344,0.029919359504300004,0.9430389972951483
1756192127.504609,0.06509642968611683,0.20925823686754003,0.14662348665297031,0.36909668717314215,0.14319912867401452,0.13161780427703085,0.19539026872200124,0.013926316710079418,0.028117420699666527,0.01941291368840372,-0.8016539243981242,-0.30755252051441107,0.21620568819344044,-0.00815248045632068,0.02939650569768513,0.9429963611285476
1756192127.626475,0.035087309914695865,-0.11105595813954577,0.12377948467345799,0.1290888066047474,0.1260773478733266,0.17392184340175898,0.013475267326130587,0.058178150697666055,0.02815556909669848,0.01970463459763457,-0.8016920726308051,-0.31262173722772035,0.17122454812531085,0.01718685808865463,0.02996199534219854,0.9430277772686061
1756192127.7600589,0.031714565599994624,-0.1231713630259037,0.06942512167562895,0.04136828908368068,0.011917926864150693,0.06972357411594952,-0.01530189165735946,-0.07558716937680454,0.029719642527839717,0.01988415518666015,-0.8016920725212378,-0.29725925821591825,0.1734438668936491,0.0018737465691040544,0.029914871515596613,0.9430412412347162
1756192127.876373,-0.015169494703192921,-0.1510037869653281,0.06535224643919398,0.0788768823395538,0.11678491091793951,0.06289954575271729,-0.09320038710446919,0.07528198126922636,0.029295525184887296,0.020036747843465385,-0.8015821161406005,-0.27939022184513945,0.16435564364142277,-0.007207753739374525,0.03007419582675485,0.9430704133256393
1756192128.008754,0.002755642211174264,0.1489976479069275,0.03391144942382679,-0.005641436190618312,0.0606891971136279,0.08764422287726227,0.14830200237167232,0.1146822748157908,0.02831713723785737,0.01989537543233703,-0.8016202642089304,-0.2992586703861461,0.18778981125968344,0.017036509700119495,0.029946287874789798,0.9430457292234197
1756192128.125936,0.03065539393847918,0.39662168755689087,0.03984011923346449,0.017076901625841856,0.03744576240013189,0.010133940452600227,0.08928234687568072,0.13675209397778793,0.02835528596359141,0.01990210741539212,-0.8015686521744904,-0.3133286005433868,0.19491902983966558,0.020622434423250312,0.030139272046439788,0.943000849117251
1756192128.2601018,0.11672207850086339,0.29156844953403754,-0.009059060474528986,0.005630216109292472,-0.11388789681608186,0.023499251932234448,0.11560231844401535,-0.04820578063235564,0.02908010030274882,0.02017138816197129,-0.8016023123089004,-0.2883079116890097,0.15373474744367688,0.009225116987877032,0.030430992955670637,0.9430389972951483
1756192128.37776,0.031283716232899356,0.0016785158830530504,0.071644445799072,-0.004867252770482618,0.015984070213402018,0.0027691063964191604,0.00031864849905319074,0.049942643436438894,0.028934239957700756,0.01964629052535576,-0.801752660807003,-0.2852852308903547,0.13396278922172153,0.02900380252257866,0.029914871515596613,0.9429806530585184
1756192128.501704,0.04706133736352272,0.05819386353387552,0.054224210229757076,0.1167198336984524,0.14678729832281961,0.04001964027445544,0.11488423712880295,-0.06645854431040146,0.02912722478675492,0.019866203341413948,-0.8018110049340654,-0.30425607752712336,0.22384653180180228,-0.018854154328651288,0.02970617834259482,0.943018801181632
1756192128.6268952,0.05000771940959727,0.08376433474340421,-0.0026928098899695802,0.014909189249224523,-0.057504950885606164,-0.06655727866489221,-0.11666597842293627,0.0013486498638111003,0.02869637485812692,0.01956101819215452,-0.8017055365969153,-0.31776949127807336,0.15598324119277737,0.030166199485607007,0.02968149445950985,0.9430389972951483
1756192128.761645,-0.013342871522421347,-0.5516220604562584,0.000527341672054985,-0.003666709177196026,-0.01838291436433792,-0.00028947718879755805,-0.05751841385191416,-0.07242984565741875,0.02949972987613257,0.020036747843465385,-0.8016157762750107,-0.30298147701165257,0.2244030496598605,-0.0066647033809739,0.03006746417240185,0.9431018295752651
1756192128.87586,-0.015622784657513393,0.012063788688358138,0.021778097787104985,-0.024762628517825815,0.03556079607840408,0.069126667756149,0.07548169793068048,0.22546670881702618,0.028691887143341935,0.01941740167710711,-0.8016135323902264,-0.28966104589840946,0.1508085608263226,-0.007847296293167508,0.030114588108571136,0.9430277772138224
1756192129.009826,0.02874574173406205,-0.19232495090759852,0.018537750782664206,0.04144907200380283,0.011305313406731276,0.04923802478622426,0.18793567324824192,-0.017417993286953252,0.02853031818042783,0.01977195486645488,-0.8015753839931944,-0.27537793841432123,0.14482827963964903,-0.002499824170680607,0.029802670976256624,0.943023289225119
1756192129.1258812,0.05416811049422797,-0.2086029906538041,0.05634030995561796,0.016329646535108194,0.020346420995124122,-0.02027910143849166,-0.10390654754112749,-0.011022568077725522,0.02884447930709404,0.019982891431187883,-0.8016763645059922,-0.3028580562266357,0.19007870335789287,0.01214905992588576,0.030318792471114325,0.9430434852838516
1756192129.252919,0.0984132162788335,0.14300838857889175,0.07904967139748965,0.037039596916121596,0.03819077296237297,0.04982146730317789,0.027305090293178663,-0.036359662518781775,0.02895219174816328,0.019821323290028992,-0.8015798722010326,-0.2806895039975643,0.12585294739726713,0.035298245575498134,0.030312060652410284,0.943018801181632
1756192129.379879,0.0743686715277898,0.018961866112316355,0.0870271201026352,0.14357163427014122,0.08043871210504543,0.1034936517038766,-0.038022474714500064,0.005459670744398061,0.029181080979897696,0.01974727070945151,-0.8016202643732814,-0.31463236854795146,0.20602462774909594,0.010865487541784258,0.03000238729531274,0.9429559690110824
1756192129.5095959,0.025628815733772868,0.15468396476524718,0.029681494212983286,0.0635637714226237,0.018421062240924907,-0.011365900637910646,-0.03848025083596654,-0.062260003103052866,0.02870310684118201,0.020072651917443556,-0.8016337283941752,-0.29622701697928067,0.1574799933416002,0.0023517210502177477,0.030186396420878524,0.9430636812878006
1756192129.6260648,0.0343176155241535,0.20835390215849175,0.02923269320608062,0.04838305739138056,0.07262732128283995,0.052994493929230994,-0.0386395755032187,0.048275344840743965,0.028397921856273625,0.019778686685158926,-0.8016359723337433,-0.2968194328029366,0.16420753320733852,0.04050883239902118,0.030289620708893326,0.9430569493595291
1756192129.752696,0.024167965453885058,0.3168696448453428,0.03900534765082685,-0.0014698251753168948,0.051517936414765084,0.08828152061494834,0.061829152790939104,0.06660664728020921,0.02814883678494131,0.019816835136974558,-0.8015462121761897,-0.2885345549678759,0.17479027605012937,0.008832417318926138,0.030554413631120148,0.9430322652025258
1756192129.87687,0.048037480754668224,-0.10060561678427107,-0.05929566884194227,-0.06889104750007391,-0.02805234453476527,-0.0764398907092126,-0.0766440934556372,0.0387450412792318,0.028689642929855513,0.019697902724146843,-0.8016696324681535,-0.3049539649475585,0.193512038423625,0.029466069522587693,0.030137028161655453,0.9429739210754633
1756192130.010779,0.07535827725523096,0.06827618959633742,-0.00606331045684569,-0.05260627989328521,-0.01683454681187868,-0.031236593337620005,0.2018709623200052,0.16971432866857333,0.027803259792135042,0.019929035457179826,-0.8016673885285854,-0.31009722807828116,0.13464946162832134,0.015604830456568915,0.030152736122117323,0.9430075811550898
1756192130.126633,-0.09059060529312667,0.14842766753452666,0.31344304365270276,0.35541048383011536,0.3969874588005683,0.41679307862239723,0.38584820575573864,0.11314737457124625,0.02929776901488795,0.019756246796425653,-0.8015888482880067,-0.2755866281085593,0.1553392148412326,0.04058512890547076,0.02969720252953908,0.9430659253369359
1756192130.2622201,0.029908139286014962,0.04181709069320384,0.08280614038984127,0.09198637776460279,0.0651929210871458,0.1228257799110211,0.0592485436320524,-0.07027335580000106,0.028543782256105366,0.019870691275333658,-0.8015192840248346,-0.29659503375125285,0.14239353051080422,0.03324497847215218,0.03017966416390503,0.9430524612612584
1756192130.377375,0.06336181041072397,0.1545672729912707,-0.04258005293634008,-0.2653584409614696,-0.17778153802432559,-0.1965077856884283,-0.19588619119980755,0.0019702392575495385,0.028624566764954257,0.01972707481506993,-0.8015641641857869,-0.3177874445750871,0.18779429804314585,0.02845177941900842,0.02959173424717258,0.9430434852838516
1756192130.5053709,0.08643470200545647,0.12101935157004524,-0.06263026445830132,-0.013174571562558413,-0.1292974998462288,-0.16243252322516022,-0.0620961917892975,0.030330011182848143,0.029019512126550955,0.020164656288483563,-0.8014878678299925,-0.2909760379835087,0.1482212193967665,0.03414258191033321,0.029988923493553612,0.9430367532460129
1756192130.6342459,0.0730850984725882,-0.23532463659477584,0.02294722677427618,0.1546839635052225,-0.019495941972469583,-0.09114711954915787,-0.05521157531834701,0.0018557946690741707,0.02888935968718108,0.019803371006513342,-0.8016225083676332,-0.27109637062120084,0.18352171082926147,-0.020772781442193425,0.029986679608769277,0.9430143131381449
1756192130.7557702,0.0019320907509502243,-0.4090512524194577,-0.01848613824147512,0.024145527181270367,-0.01489123740397832,0.023312999236890498,0.009332828223705292,-0.03598939978024539,0.028456266038119793,0.01975624685120933,-0.8015170399209156,-0.33682560854974913,0.20207741527872927,0.011828165556139806,0.030152736176901004,0.943047973272555
1756192130.8768268,0.024482127018820715,-0.0486927321728538,0.058303816613796,-0.00993871082113508,0.06728658171863679,0.13320207256166375,0.09068934071589918,0.09552293347523493,0.02804112439865575,0.019677706555846858,-0.8017571487957064,-0.3017674686031087,0.14326869937426903,0.011958319693803787,0.029939555563032627,0.9430300212081741
1756192131.007932,0.02063365335411885,-0.004135707941125421,0.0813632438726285,0.025592912166543743,0.0898096896297134,0.12108218547997668,0.09120546281337738,-0.03716750618289499,0.029757790815304306,0.019962695591589984,-0.8015439679627033,-0.2963414582533433,0.15863341553246274,0.01586513697881909,0.030316548750681037,0.9430389972951483
1756192131.127187,0.04929412408348392,0.4485233553192195,0.11075077236027402,0.006323614116648541,0.08926663972327814,0.18123730973285787,0.10806693903663579,0.10309197545489844,0.02873003515688812,0.01972034272244748,-0.8015641640214359,-0.2643104884225656,0.10964672081172466,0.043123102472985494,0.030094391885487473,0.9429492369732436
1756192131.256439,0.045026021858896405,0.07614816845778156,0.07389294164364829,0.24250546294976683,0.1962968477541033,0.11016508767052609,0.061153705026406574,-0.013131932410247186,0.02881755115573897,0.01975849095512839,-0.8018110049888492,-0.2672770712798571,0.13032974324682178,0.045746345675605184,0.030199860222637653,0.9430434852838516
1756192131.377364,0.053176259211100196,0.2730374349390759,0.13094235693707185,0.11824575959540465,0.09261245532509159,0.02760578672785093,0.002997995299451491,0.0680809615399031,0.028871407677583835,0.01981010298956843,-0.8017436846652451,-0.29426575243911324,0.1424720696557094,0.05900170459576389,0.029468313900425154,0.9429739210206796
1756192131.510005,0.04308944207835285,-0.06529839227304739,0.044893625740181,-0.007647579207139856,-0.018827227985157687,-0.01125818834749653,-0.02426221558605047,-0.08648407146992053,0.029053172041826388,0.019561018246938202,-0.801683096543831,-0.2810485459151952,0.10685741879484233,0.04181484609623166,0.029488509794806734,0.9430300212081741
1756192131.627863,-0.008008866023053141,-0.029098056804607895,0.016915332594448152,-0.034927986000719315,-0.04188665462767377,0.0024392368299338747,-0.03842639569740962,0.07979468283626963,0.028281233437797603,0.019592434113078257,-0.801864861181992,-0.2927398295963512,0.15995513812145767,0.032190295511527973,0.029632126309854144,0.9430053371607381
1756192131.760799,0.02122831645914737,-0.166177770246149,-0.015158274389036438,-0.04463780805578127,-0.03836580509703387,-0.013008514487677637,0.0337835413759903,-0.05056198943844613,0.028864675584961388,0.01963058245532653,-0.8017302206443513,-0.2785554517279653,0.1435851006604293,0.03109521873514442,0.030193128732635695,0.9430816333521815
1756192131.8770702,0.013515660498181687,-0.2483309094027123,0.0012342041933580356,-0.009121893014868392,-0.0181652449810987,-0.0694273648893132,-0.04738896293565631,0.0705112180508235,0.028278989443445906,0.019675462451927802,-0.801710024695186,-0.290922179708586,0.13093562818625393,0.054890680291196876,0.03002931593972094,0.9430322652573094
1756192132.004513,0.03030084018759868,-0.15207866897039554,-0.027825700256096965,0.026239186224034605,-0.014507511863484979,-0.019861715202055433,0.017191347036072436,0.036593039136599094,0.027922191766693312,0.019628338460974833,-0.8017010486082119,-0.2799781536519089,0.13280039445004044,0.040856654262718034,0.030029315665802536,0.9429627009941375
1756192132.13341,0.0842602579470943,0.13292157229529145,0.06391608057653203,0.06901446675114772,0.09172158482868005,0.09645868613220313,0.12905065868707263,0.08153827784254271,0.028386701829731464,0.01967770666541422,-0.8018469091723947,-0.29041952237158136,0.12075904132250477,0.03667157981544733,0.02984081920893753,0.9430053371607381
1756192132.2539918,0.043749181170235664,0.38315315413124423,0.01959692223874085,-0.09335073331535301,-0.13207558358964674,0.03842639397172367,-0.014998949584825075,-0.03368929390083341,0.02909132032929098,0.01945779363022131,-0.8017279766499996,-0.25117855530013056,0.10987560839994866,0.05200264192021945,0.029757790650953266,0.9429716770263279
1756192132.382349,0.05452715156271177,0.3769260294297162,-0.047635803382624596,0.3186693355742404,0.2870086300022462,0.13089747622828274,0.14570344151819453,0.10003563378225355,0.02858417448313797,0.019549798056045,-0.8016337283941752,-0.28236128965064006,0.15635574614519582,0.018369449412121493,0.0298475512467763,0.9430232892799026
1756192132.5056388,0.019507161560742295,0.027780821656479555,0.08442855911219821,0.22630148074206183,0.0884139172404128,-0.026613934732535306,-0.0929872032994514,-0.05237963609397411,0.0289948279147639,0.019807859159567776,-0.8015933362219263,-0.24982990712091765,0.06566192078239777,0.029116003335837054,0.02987447934334769,0.942996361073764
1756192132.633323,0.04007349697434727,-0.11827269032159272,-0.09007897228002548,-0.058016582666074526,-0.14467119989807115,-0.1510105213314733,-0.011278384611667955,0.09389378404354348,0.028857943437555256,0.019814590813920778,-0.8016673885285854,-0.2975016124546528,0.18154922779649496,0.026472563855350018,0.029609686092418784,0.9429873850415734
1756192132.75657,-0.01785781526225893,0.22619825700188384,0.34154924399712505,0.22024041399195352,0.3072428457603297,0.4457273202783921,0.3828300183967632,0.08781027574749554,0.028227377189871145,0.019691170521957034,-0.8018222251249587,-0.2549507319379379,0.08602404731380589,0.026730623753631815,0.029728618724381223,0.9430591934086645
1756192132.8800662,0.06878333457964747,-0.021214853753061855,0.08410317690440398,-0.02452027501867098,0.06425492647651802,0.13093786840053165,0.03324497863650322,-0.005392351023414556,0.02902175601133529,0.019621606368352387,-0.8016786085551276,-0.3112573831287377,0.13950100376763763,0.04737549686037442,0.029820622931070188,0.9429604569997858
1756192133.0042582,0.05894111567998633,-0.24639208483345368,-0.07049102460801163,-0.17383208268267267,-0.12836399270385943,-0.11288033699726358,-0.17172271802144892,-0.05236841628656668,0.029266353148747894,0.01984825127703302,-0.8015529441044611,-0.24853735554086812,0.08214191215879776,0.042369116262039715,0.030042779851047433,0.9430906094391557
1756192133.1300192,0.07302226575420183,-0.3113157218048239,-0.06898753961329074,-0.11741772192694686,-0.1215646483880632,-0.1751201446442043,-0.11189521750544801,0.03966732969617143,0.029008292100008798,0.01967546239714412,-0.8016180203789297,-0.26573094359927757,0.1228459733812248,0.031137855271534884,0.02998892338398625,0.9430547053103938
1756192133.253948,0.05206098647185547,0.48365554060129556,0.0028386701391462017,-0.03833214544198092,-0.021210363956496996,-0.03155748526949216,0.02585770666380139,0.09206716332803755,0.028673934805042604,0.02001206379602937,-0.8015551880440291,-0.2999543100458515,0.14026621247039123,0.04112144839018583,0.030330013045493293,0.9430816334617489
1756192133.384032,0.05729401370455675,0.0644591304966632,0.008756119196357973,0.03739190665895448,0.04737325383843306,0.016690931639031452,0.06839736474349219,0.0510309865588651,0.028615590677980113,0.01992005920585464,-0.801683096543831,-0.2911465804585639,0.15210111099569237,0.036146481904913395,0.030285132720189935,0.9430389972951483
1756192133.505794,-0.006601872018483632,0.05585784903343986,-0.06898305087131174,0.037416590829653776,0.026346898213138476,0.045272862401736134,0.005827689721413395,-0.06484734277953119,0.028579686384867218,0.019953719285481116,-0.8017032926025636,-0.26214501995812445,0.09787689795827165,0.056856432655716646,0.03007644014980863,0.9429043568122912
1756192133.626422,0.053117914536200905,-0.04317695757045465,0.09517062518416959,0.2626835803008255,0.1175613379900289,0.1208420767010573,0.08638982168015312,0.0544418783255798,0.027314066174714005,0.019388229476616663,-0.8018513971063144,-0.2718032337177326,0.14323054341708913,0.032345130765701044,0.02946831373607411,0.9431040735148332
1756192133.761771,-0.008450934389496552,-0.2293690353193704,0.07602250402081101,0.24858672128004186,0.10814772425767254,0.10727480448344175,0.06206701476784313,0.008857098462827066,0.027809991884757492,0.01976971109123791,-0.8016135323354426,-0.2638145637260202,0.0928121728630846,0.06124346489634584,0.030015852083178127,0.9430277772686061
1756192133.883866,0.0474764792358174,-0.015555466799175037,0.17273925033891024,0.27665028847096595,0.08563134776811827,0.1015727808835971,0.1119872213286512,0.08743328425814123,0.02708517721689799,0.019807859104784095,-0.8019097413429442,-0.2741886086981086,0.1152275683467879,0.02583077801939319,0.0296523222590194,0.9429694330319762
1756192134.004728,0.04327120681238525,0.18116998727269032,0.16420304545146577,0.09960927311604952,0.08156969313345411,0.07264976103461403,0.11549460657817476,0.005441719994825476,0.027859359815278473,0.019426377654513893,-0.8018715932198307,-0.280020788531093,0.1421287364381201,0.05263769697836217,0.029641102287260926,0.9429828971076537
1756192134.126507,0.02922371687257991,0.18921700109015493,0.007324442335897509,-0.35064869628780904,-0.010519909740918699,0.037982080624822306,-0.0036218306871459763,0.038565521840663516,0.027217573650619564,0.01932090926258003,-0.8018446651232594,-0.2758065427050871,0.07851784468135413,0.06788573216866045,0.029230448855635,0.9429873850963572
1756192134.2580621,0.055130789617953056,0.4633360481547082,-0.04468268747715389,-0.07039004435543628,0.05509488590006881,-0.0019792150569093577,-0.03303179984419223,-0.05231231637299061,0.02772023156285286,0.01946003767935669,-0.8017436848295962,-0.24151585629100308,0.05991501476177398,0.05527889427235898,0.029636614298557535,0.9429716770263279
1756192134.379236,0.09329014644026756,-0.03556977387736825,-0.04045497793156434,-0.1047637601629557,-0.07002651540781646,-0.0939902760061052,-0.1076944331802866,-0.017680539366076973,0.027529490837717756,0.019646290361004716,-0.8017190007273766,-0.2709886579609969,0.11369939696262865,0.04532896393143079,0.029827355133259997,0.9429694330319762
1756192134.503468,0.05740172470755437,-0.4077295296113281,-0.15226716515334213,-0.22059496553779087,-0.1812103821156437,-0.2196255584302194,-0.09855010248172809,-0.022289729731924394,0.027848139733952636,0.019525113789474264,-0.8017975409131717,-0.28170155109289813,0.15220657363533974,0.03611730975920663,0.02935611336108516,0.9429694329771925
1756192134.626498,-0.040578397086766714,-0.11825024731018964,0.31391877418055253,0.3910745050319854,0.3385826677960508,0.4653421934036648,0.46062079882797075,0.13763399033204599,0.027599054991322404,0.019731562584638596,-0.801523772013538,-0.2784724204855807,0.14211078423677997,0.04521227239028496,0.030388356789070016,0.9430098251494414
1756192134.76061,-0.016953480991480106,-0.07377176496255047,0.18827451918931568,0.22674579414374688,0.2240754226770471,0.3351583086392459,0.13534285632126472,-0.021230561658740044,0.02816903295324129,0.019769710817319507,-0.801705536651699,-0.263933495947105,0.10516319402000483,0.03953493676860543,0.030150492237332988,0.9430008491720346
1756192134.8834088,0.06887085160569233,0.04010042438612265,-0.05793355575160069,-0.032026482499478495,-0.09513247823890518,-0.12572952772161977,-0.1412401111686931,0.02978920575012179,0.02885794354712262,0.019946987576344433,-0.801568652229274,-0.2691867162802202,0.10679907466777984,0.03958430278169758,0.030359185081632697,0.9430906094391557
1756192135.004867,0.02312225948416573,0.09952624733833705,-0.1308391339638654,-0.10186001325628775,-0.17173842373577988,-0.23257796838879585,-0.1944410551120253,-0.04281118632677723,0.02810171295833938,0.01987742320360506,-0.8015058198943734,-0.24234613814555547,0.06364006803864065,0.04897771825027816,0.03013254011816838,0.9430389972951483
1756192135.1267571,0.08601058449815302,0.07078499303144567,-0.06481817326344111,-0.004346643848454251,-0.12791743414366946,-0.20165778192527153,-0.12202018280239667,0.06134220523595372,0.02768208338495563,0.019807858995216733,-0.8019860375891713,-0.27623739016844945,0.11461944489137214,0.03731785451664644,0.029849795076776955,0.9430232892799026
1756192135.260371,0.059237324358785856,0.21921490771038568,0.03462055615861626,0.06458479582386858,0.004739345270482933,-0.032650316818891204,-2.2431862924028847e-06,0.03818852815996198,0.02785038378308801,0.019850495216601035,-0.8015641641857869,-0.2970528096672805,0.12155118287431405,0.04384567281779121,0.030107855742030284,0.9430277772686061
1756192135.379565,0.1301300279686556,-0.002780325053369298,0.07289211336961564,-0.04388606748269761,0.07887239655589356,0.09510330572340857,0.0950629133868086,0.05579950298894854,0.028359773842727438,0.01974727087380255,-0.8017706129261676,-0.28266647326595645,0.12607734968118808,0.04764702231349314,0.030251472257077694,0.9430591932990972
1756192135.5026429,0.02140110476380762,0.0193904710604864,0.18851238532977946,0.2717426423640812,0.2350508661611992,0.2079073453650755,0.1641200148664853,0.026643107042593116,0.027818967862164274,0.019587946179158548,-0.8018626170780729,-0.29795938675456185,0.13702586906797745,0.0541187419610865,0.0294840216417523,0.9430412412895
1756192135.63022,0.06765235461952056,0.04507987662766348,0.12259913570083239,0.10761140555362492,0.13968501231797478,0.15651058634359608,0.17474988409701517,-0.02486809792325777,0.02813312876969576,0.01951164987814777,-0.801517040030483,-0.29772376707371545,0.15348341513205976,0.04358088285388315,0.029580514001495698,0.9429694330319762
1756192135.752279,-0.04682571557350457,0.08158989097265636,0.09885753085836768,0.06177081008825232,0.08834659713594352,0.16587034448543014,-0.015488142914631787,0.08317864368505337,0.028189229340675998,0.01976746682296781,-0.8017885648809812,-0.2714554105392274,0.1316828759496703,0.03876748390714912,0.030045023845399126,0.9429963611285476
1756192135.884362,0.03026718120364582,-0.04335199132123414,0.03328761550159577,-0.034667681121979564,-0.0196036541944041,0.01573498418335529,0.06648098207626711,0.00413346235804698,0.028415873701519826,0.019576726152616387,-0.8016943165155894,-0.29904100090703545,0.14745152328053818,0.03446122790303301,0.029874479507698733,0.9430950975374264
